Elon Musk;5001;Level_A
John Doe;1234;Level_B
Jane Smith;8923;Level_C
Alice Brown;4567;Level_A
Bob White;2345;Level_B
Charlie Black;6789;Level_C
Diana Prince;9876;Level_A
Eve Adams;3456;Level_B
Frank Green;7654;Level_C
Grace Hall;1112;Level_A
Henry King;2223;Level_B
Ivy Lee;3334;Level_C
Jack Young;4445;Level_A
Karen Wright;5556;Level_B
Leo Scott;6667;Level_C
Mia Turner;7778;Level_A
Nick Allen;8889;Level_B
Olivia Harris;9990;Level_C
Paul Martin;1011;Level_A
Quinn Clark;1213;Level_B
Rose Lewis;1314;Level_C
Sam Walker;1415;Level_A
Tina Hall;1516;Level_B
Uma Reed;1617;Level_C
Vera Cook;1718;Level_A
Will Bell;1819;Level_B
Xena Cox;1920;Level_C
Yara Ward;2021;Level_A
Zack Diaz;2122;Level_B
Amy Fox;2223;Level_C
Brian Gray;2324;Level_A
Cara Hayes;2425;Level_B
Dean Hill;2526;Level_C
Ella James;2627;Level_A
Finn Kelly;2728;Level_B
Gina Lane;2829;Level_C
Hank Myers;2930;Level_A
Iris Nash;3031;Level_B
Jake Owen;3132;Level_C
Kara Page;3233;Level_A
Liam Quinn;3334;Level_B
Mona Ross;3435;Level_C
Noah Stone;3536;Level_A
Olga Tate;3637;Level_B
Pete Underwood;3738;Level_C
Rita Vance;3839;Level_A
Steve West;3940;Level_B
Tracy Xander;4041;Level_C
Ulysses York;4142;Level_A
Val Zane;4243;Level_B
Wendy Archer;4344;Level_C
Xander Blake;4445;Level_A
Yvette Chase;4546;Level_B
Zane Dawson;4647;Level_C
Abby Evans;4748;Level_A
Brett Fisher;4849;Level_B
Chloe Grant;4950;Level_C
Derek Hughes;5051;Level_A
Elena Irving;5152;Level_B
Felix Jensen;5253;Level_C
Greta Keller;5354;Level_A
Hugo Lawson;5455;Level_B
Ivy Myers;5556;Level_C
Jack Nelson;5657;Level_A
Kylie Owens;5758;Level_B
Luke Perry;5859;Level_C
Maya Quinn;5960;Level_A
Noel Reed;6061;Level_B
Opal Scott;6162;Level_C
Peter Tucker;6263;Level_A
Queen Underwood;6364;Level_B
Rex Vance;6465;Level_C
Sara West;6566;Level_A
Tom Xiong;6667;Level_B
Ula Young;6768;Level_C
Vince Zane;6869;Level_A
Willow Adams;6970;Level_B
Xena Baker;7071;Level_C
Yosef Clark;7172;Level_A
Zara Davis;7273;Level_B
Adam Ellis;7374;Level_C
Bella Foster;7475;Level_A
Caleb Gray;7576;Level_B
Daisy Harris;7677;Level_C
Ethan Irwin;7778;Level_A
Faith Jones;7879;Level_B
George King;7980;Level_C
Holly Lewis;8081;Level_A
Ian Miller;8182;Level_B
Julia Nelson;8283;Level_C
Kevin Owens;8384;Level_A
Laura Price;8485;Level_B
Mason Quinn;8586;Level_C
Nina Roberts;8687;Level_A
Oscar Smith;8788;Level_B
Paula Taylor;8889;Level_C
Quincy Underwood;8990;Level_A
Rachel Vance;9091;Level_B
Steve Walsh;9192;Level_C
Tara Xander;9293;Level_A
Upton Young;9394;Level_B
Violet Zane;9495;Level_C
Walter Adams;9596;Level_A
Xyla Brown;9697;Level_B
Yan Chen;9798;Level_C
Zoe Davis;9899;Level_A
Alex Evans;9900;Level_B
Beth Frank;1001;Level_C
Chris Green;1102;Level_A
Donna Hill;1203;Level_B
Erik Jones;1304;Level_C
Fiona King;1405;Level_A
Greg Lee;1506;Level_B
Helen Miller;1607;Level_C
Ivan Nash;1708;Level_A
Jess Oldman;1809;Level_B
Kyle Peters;1910;Level_C
Lisa Queen;2011;Level_A
Mike Ross;2112;Level_B
Nora Stone;2213;Level_C
Oliver Tate;2314;Level_A
Penny Underwood;2415;Level_B
Ralph Vance;2516;Level_C
Sue West;2617;Level_A
Tim Xander;2718;Level_B
Ursula Young;2819;Level_C
Victor Zane;2920;Level_A
Wanda Archer;3021;Level_B
Xavier Blake;3122;Level_C
Yvonne Chase;3223;Level_A
Zach Dawson;3324;Level_B
Amber Ellis;3425;Level_C
Brad Fisher;3526;Level_A
Cindy Grant;3627;Level_B
Dylan Hughes;3728;Level_C
Emma Irving;3829;Level_A
Fred Jensen;3930;Level_B
Gina Keller;4031;Level_C
Harry Lawson;4132;Level_A
Irene Myers;4233;Level_B
Jared Nelson;4334;Level_C
Kelly Owens;4435;Level_A
Larry Perry;4536;Level_B
Mandy Quinn;4637;Level_C
Nathan Reed;4738;Level_A
Olive Scott;4839;Level_B
Pam Tucker;4940;Level_C
Ray Underwood;5041;Level_A
Samantha Vance;5142;Level_B
Todd West;5243;Level_C
Ulysses Xiong;5344;Level_A
Vicky Young;5445;Level_B
Wesley Zane;5546;Level_C
Xenia Adams;5647;Level_A
Yuri Baker;5748;Level_B
Zelda Clark;5849;Level_C
Aaron Davis;5950;Level_A
Beatrice Ellis;6051;Level_B
Carl Foster;6152;Level_C
Dana Gray;6253;Level_A
Eddie Harris;6354;Level_B
Flora Irwin;6455;Level_C
Gene Jones;6556;Level_A
Hannah King;6657;Level_B
Isaac Lewis;6758;Level_C
Jenna Miller;6859;Level_A
Keith Nelson;6960;Level_B
Lena Owens;7061;Level_C
Marco Price;7162;Level_A
Nadia Quinn;7263;Level_B
Owen Roberts;7364;Level_C
Paige Smith;7465;Level_A
Randy Taylor;7566;Level_B
Sabrina Underwood;7667;Level_C
Travis Vance;7768;Level_A
Ulla Walsh;7869;Level_B
Vernon Xander;7970;Level_C
Willa Young;8071;Level_A
Xander Zane;8172;Level_B
Yara Adams;8273;Level_C
Zane Baker;8374;Level_A